,name,best_acc,best_f1
0,MNIST_ODE,0.9954,0.9953987332588177
1,MNIST_ResNet,0.9949,0.9949001801567782
